age,gender,country,urban_rural,income_level,employment_status,education_level,relationship_status,has_children,exercise_hours_per_week,sleep_hours_per_night,diet_quality,perceived_stress_score,self_reported_happiness,daily_steps_count,weekly_work_hours,hobbies_count,social_events_per_month,books_read_per_year,volunteer_hours_per_month,travel_frequency_per_year,daily_active_minutes_instagram,sessions_per_day,posts_created_per_week,reels_watched_per_day,stories_viewed_per_day,likes_given_per_day,comments_written_per_day,dms_sent_per_week,dms_received_per_week,ads_viewed_per_day,ads_clicked_per_day,time_on_feed_per_day,time_on_explore_per_day,time_on_messages_per_day,time_on_reels_per_day,followers_count,following_count,notification_response_rate,account_creation_year,last_login_date,average_session_length_minutes,content_type_preference,preferred_content_theme,privacy_setting_level,linked_accounts_count,subscription_status,user_engagement_score
37,Female,Brazil,Urban,High,Student,Some college,Single,No,9.2,7.1,Poor,39,7,8001,70.2,1,4,16,9.8,2,256.0,12,9,221,110,165,42,46,35,32,5,139,51,29,94,5715,8868,0.64,2016,2025-04-15,21.3,Reels,Music,Public,1,Free,1.07
45,Female,Germany,Urban,Lower-middle,Full-time employed,High school,Married,Yes,3.5,7.2,Good,5,3,8063,26.3,2,5,5,3.3,7,128.0,8,4,121,71,74,36,24,20,15,2,61,20,27,48,3250,4744,0.04,2015,2025-11-11,16.0,Live,Travel,Private,0,Free,1.22
22,Male,Germany,Urban,Upper-middle,Freelancer,Bachelor’s,Relationship,No,9.4,6.1,Very poor,34,3,7980,28.8,7,4,9,2.7,2,362.0,26,9,300,150,196,63,67,55,31,8,170,100,87,135,278,269,0.33,2017,2025-05-25,13.9,Photos,Tech,Public,1,Free,0.96
56,Female,United States,Suburban,Low,Full-time employed,High school,Single,No,7.8,5.6,Average,34,10,8078,52.3,2,0,11,0.8,4,176.0,6,6,147,97,125,44,28,20,27,4,93,43,22,60,330,469,0.64,2013,2025-02-26,29.3,Videos,Other,Public,3,Free,1.31
60,Male,United States,Urban,Low,Full-time employed,Master’s,Single,No,0.7,8.2,Excellent,36,1,7951,52.5,1,5,12,3.8,6,351.0,10,5,212,150,184,45,46,45,38,3,179,52,43,115,4488,4094,0.64,2023,2025-02-19,35.1,Reels,Fashion,Friends only,4,Free,0.82
19,Male,United States,Urban,Low,Student,Bachelor’s,Married,No,13.0,7.9,Good,1,6,8012,36.3,5,3,4,8.4,4,15.0,1,9,118,37,28,9,7,9,7,3,9,2,3,4,2074,3986,0.08,2020,2025-02-03,15.0,Live,Other,Friends only,1,Free,4.56
24,Female,Australia,Urban,Low,Student,High school,Married,No,6.9,5.6,Very poor,8,1,8084,41.6,3,4,11,5.0,2,162.0,15,9,209,72,84,20,35,26,18,4,93,34,22,64,2168,1852,0.77,2017,2025-10-06,10.8,Mixed,Tech,Private,2,Free,0.93
29,Female,Australia,Rural,Low,Student,Bachelor’s,Relationship,No,7.2,7.2,Excellent,28,5,8103,41.6,5,5,6,2.5,6,272.0,16,4,266,150,159,48,27,39,25,1,162,44,39,74,689,538,0.8,2020,2025-03-04,17.0,Mixed,Food,Public,1,Free,0.98
46,Male,South Korea,Urban,Lower-middle,Student,Other,Single,No,4.6,4.1,Good,19,3,8062,47.0,2,1,9,6.3,4,178.0,7,3,136,98,119,33,19,33,17,4,106,47,41,41,367,693,0.22,2014,2025-03-10,25.4,Photos,Art,Private,1,Free,1.08
35,Male,Other,Urban,Upper-middle,Student,Master’s,Relationship,No,3.3,5.3,Average,5,5,7984,24.0,1,6,11,2.9,2,56.0,6,3,79,53,68,10,14,9,11,1,30,13,8,16,1078,719,0.8,2013,2025-07-31,9.3,Videos,Art,Friends only,2,Free,1.7
17,Male,United States,Urban,Low,Not employed,Other,Single,No,10.0,6.8,Excellent,6,2,7964,0.0,6,3,10,5.6,1,154.0,12,4,219,76,88,23,24,17,15,2,71,32,28,34,1089,2646,0.03,2022,2025-01-19,12.8,Videos,Fitness,Friends only,1,Free,0.94
53,Female,South Korea,Suburban,High,Full-time employed,Bachelor’s,Relationship,No,9.5,7.2,Average,36,4,7993,50.9,5,6,10,4.0,6,341.0,19,8,255,150,179,58,50,46,32,8,165,97,49,97,2393,1719,0.15,2022,2025-12-26,17.9,Videos,Food,Public,1,Free,0.93
53,Female,Canada,Rural,Middle,Full-time employed,Master’s,Single,No,7.7,5.8,Average,17,1,8052,50.7,1,2,14,2.7,3,255.0,19,7,212,136,161,46,35,43,23,6,123,26,53,69,892,1938,0.03,2012,2025-10-25,13.4,Live,Fashion,Private,2,Premium,1.07
65,Female,United Kingdom,Urban,Lower-middle,Full-time employed,Other,Relationship,No,5.4,7.1,Very poor,25,7,8041,46.9,4,4,18,1.6,6,207.0,9,8,163,128,132,38,28,41,22,4,86,52,35,49,718,911,0.04,2011,2025-09-06,23.0,Reels,Tech,Private,2,Free,1.12
32,Male,United Kingdom,Urban,Upper-middle,Freelancer,Other,Married,Yes,9.3,5.8,Poor,8,8,7994,46.5,2,3,11,1.9,5,24.0,1,4,48,30,40,13,11,9,8,0,12,6,5,7,39504,10000,0.69,2021,2025-09-15,24.0,Reels,Travel,Private,1,Free,3.12
51,Female,Brazil,Urban,Low,Full-time employed,Bachelor’s,Relationship,Yes,13.7,6.9,Average,20,2,7943,38.3,2,5,7,4.6,2,212.0,7,7,175,129,143,33,25,39,19,2,104,31,21,74,220,410,0.27,2022,2025-03-28,30.3,Live,Tech,Friends only,2,Free,1.08
31,Male,Germany,Rural,Low,Full-time employed,Bachelor’s,Married,No,5.2,8.6,Good,15,5,7963,37.4,3,6,12,3.3,2,150.0,5,0,127,100,96,28,28,23,9,4,82,34,25,52,267,414,0.9,2022,2025-06-04,30.0,Reels,Music,Private,3,Free,1.01
60,Male,United States,Suburban,Middle,Full-time employed,High school,Married,No,6.7,6.1,Good,33,2,7958,29.4,4,3,10,3.3,3,363.0,10,5,229,150,199,61,49,56,29,11,217,53,76,139,279,557,0.32,2021,2025-07-07,36.3,Stories,Tech,Private,2,Free,0.92
51,Female,Other,Urban,Low,Unemployed,Bachelor’s,Married,No,6.8,5.5,Good,15,7,7904,55.8,1,4,11,2.6,3,60.0,3,3,84,60,50,15,14,14,6,1,31,12,13,16,616,1401,0.29,2013,2025-11-08,20.0,Stories,Travel,Public,2,Free,1.46
41,Prefer not to say,United Kingdom,Urban,Middle,Freelancer,Some college,Single,No,3.4,7.4,Poor,23,4,7866,37.9,3,4,6,2.8,3,226.0,9,8,159,133,124,52,32,31,23,4,111,45,42,62,1955,1974,0.98,2011,2025-11-22,25.1,Videos,Food,Friends only,4,Business,1.11
40,Male,India,Urban,Middle,Unemployed,High school,Single,No,8.9,7.0,Average,26,6,8187,46.8,2,6,12,6.3,1,261.0,20,9,214,145,156,43,25,31,18,7,140,77,37,95,6347,10000,0.46,2025,2025-10-28,13.0,Videos,Travel,Friends only,4,Free,1.03
25,Male,United States,Urban,Lower-middle,Full-time employed,Master’s,Single,No,14.5,6.2,Good,17,9,8222,34.3,1,6,5,8.5,5,129.0,6,3,204,96,94,32,23,19,16,2,74,20,26,27,2455,5188,0.9,2014,2025-05-16,21.5,Videos,Food,Private,2,Free,1.28
58,Male,India,Rural,Middle,Full-time employed,Master’s,Divorced,No,5.4,7.6,Average,36,6,7993,36.5,0,4,12,5.6,0,301.0,14,13,214,150,181,48,33,36,33,10,125,88,60,66,2126,4627,0.31,2013,2025-02-03,21.5,Reels,Art,Public,2,Free,1.05
23,Female,Other,Urban,Low,Full-time employed,Some college,Single,No,2.9,8.4,Good,38,9,8072,27.0,1,6,11,6.9,7,281.0,24,13,276,139,157,46,53,31,31,11,124,31,34,91,2348,4119,0.42,2025,2025-12-21,11.7,Videos,Fashion,Private,2,Free,1.02
63,Male,Australia,Suburban,Upper-middle,Full-time employed,High school,Single,No,11.7,7.0,Average,2,5,8076,42.5,3,4,11,2.9,4,5.0,1,1,39,36,26,8,6,6,9,1,3,1,1,1,1904,1674,0.21,2011,2025-09-02,5.0,Stories,Fashion,Public,3,Free,7.5
61,Female,Australia,Urban,Lower-middle,Full-time employed,Bachelor’s,Married,Yes,4.3,6.9,Average,10,2,8027,40.5,3,4,9,2.3,6,94.0,3,1,94,61,81,20,21,24,13,2,49,22,15,34,233,469,0.95,2012,2025-06-09,31.3,Photos,Tech,Private,3,Premium,1.31
46,Male,Japan,Urban,Middle,Unemployed,Bachelor’s,Single,No,11.9,7.9,Good,4,6,8170,29.3,3,5,5,5.0,1,50.0,3,2,85,48,42,10,14,14,10,1,28,14,8,12,268,596,0.3,2011,2025-03-21,16.7,Live,Fitness,Friends only,5,Free,1.33
29,Male,Other,Urban,Low,Full-time employed,Some college,Divorced,Yes,10.5,7.6,Poor,33,2,7977,44.5,0,7,7,10.6,3,364.0,28,15,300,145,206,51,37,54,28,7,203,41,58,116,556,987,0.92,2013,2025-06-23,13.0,Stories,Fitness,Private,0,Free,0.97
40,Female,Germany,Urban,High,Freelancer,Some college,Married,No,8.8,7.8,Good,37,1,7916,34.5,5,5,9,4.7,8,398.0,26,9,274,150,225,59,37,49,36,6,235,102,64,150,6190,6691,0.72,2019,2025-06-27,15.3,Reels,Tech,Friends only,0,Free,0.93
30,Female,Brazil,Urban,Lower-middle,Unemployed,Bachelor’s,Married,No,6.3,8.1,Good,0,1,8003,37.5,2,6,14,6.9,1,115.0,4,7,114,72,73,23,19,30,8,2,52,18,21,45,243,185,1.0,2014,2025-05-21,28.8,Videos,Art,Private,1,Premium,1.21
58,Male,Other,Urban,Lower-middle,Full-time employed,Some college,Single,No,7.7,5.4,Poor,36,9,8106,37.6,3,2,4,6.7,3,257.0,8,6,185,116,166,31,24,43,23,8,137,48,30,84,145,146,0.01,2011,2025-07-05,32.1,Live,Fitness,Friends only,3,Premium,0.95
15,Female,India,Urban,Upper-middle,Not employed,Bachelor’s,Relationship,No,10.7,8.7,Very poor,35,8,8021,0.0,3,7,5,4.1,5,319.0,22,11,300,146,166,56,33,47,31,6,132,62,39,78,1153,1094,0.76,2024,2025-12-18,14.5,Photos,Music,Public,2,Free,0.97
59,Female,Canada,Urban,Low,Unemployed,High school,Married,No,8.1,5.3,Average,24,2,8098,40.0,3,7,8,4.2,2,211.0,25,5,175,131,122,50,23,36,21,7,104,51,42,66,194,358,0.44,2017,2025-04-18,8.4,Videos,Fitness,Friends only,3,Free,1.12
55,Female,United Kingdom,Urban,Middle,Full-time employed,Master’s,Divorced,No,5.4,6.2,Average,21,10,8096,48.1,1,7,7,1.6,2,112.0,5,7,101,80,86,21,17,23,16,6,63,32,18,29,270,462,0.9,2011,2025-08-02,22.4,Photos,Fashion,Public,2,Free,1.32
30,Female,Other,Rural,Low,Full-time employed,High school,Single,No,8.0,5.9,Poor,13,6,7844,44.5,3,2,9,0.4,11,191.0,13,7,163,115,131,39,25,29,26,5,81,56,40,47,1082,1043,0.12,2012,2025-03-12,14.7,Photos,Fashion,Private,1,Business,1.2
25,Female,India,Urban,Lower-middle,Part-time,Master’s,Married,No,3.5,7.1,Poor,38,9,7847,46.4,6,7,20,2.6,3,292.0,10,3,281,150,180,49,37,32,25,6,153,45,52,79,2844,6245,0.22,2019,2025-11-30,29.2,Mixed,Fitness,Friends only,2,Free,0.98
54,Female,Canada,Urban,Lower-middle,Full-time employed,Master’s,Relationship,No,8.5,6.3,Average,0,3,8040,25.7,3,8,9,3.6,2,20.0,1,4,54,32,30,11,10,6,5,0,10,5,3,6,1287,1483,0.42,2022,2025-12-12,20.0,Stories,Fashion,Private,5,Premium,3.05
31,Male,Canada,Urban,Lower-middle,Full-time employed,Some college,Married,No,1.3,5.5,Poor,11,10,8004,45.6,6,3,12,4.0,5,98.0,5,2,104,70,91,18,17,21,8,4,56,24,12,32,864,1781,0.94,2013,2025-07-26,19.6,Stories,Fitness,Private,0,Free,1.34
36,Female,India,Urban,Upper-middle,Full-time employed,Bachelor’s,Divorced,No,15.3,6.6,Excellent,1,2,7902,46.5,2,1,11,2.8,2,149.0,5,1,140,96,95,32,21,28,16,1,75,37,25,52,256,311,0.15,2011,2025-10-11,29.8,Mixed,Art,Friends only,0,Free,1.08
13,Male,Japan,Rural,Low,Not employed,Some college,Single,No,5.7,7.0,Average,32,1,7980,0.0,4,1,9,7.2,3,375.0,13,14,300,150,222,59,58,46,32,5,171,64,83,130,480,204,0.34,2026,2025-02-09,28.8,Videos,Art,Private,1,Free,1.02
53,Male,South Korea,Urban,Middle,Unemployed,Some college,Married,No,2.1,7.3,Very poor,38,9,7985,40.0,4,7,8,0.5,2,280.0,20,3,195,139,166,55,35,44,24,4,141,79,53,63,582,1171,0.62,2021,2025-04-22,14.0,Live,Other,Public,2,Business,1.01
61,Male,Australia,Rural,Lower-middle,Student,Some college,Single,Yes,12.6,6.5,Average,17,7,7992,42.4,7,5,12,1.8,2,49.0,2,2,71,53,60,7,9,15,5,1,28,11,6,10,2187,1744,0.89,2019,2025-07-24,24.5,Videos,Other,Private,4,Free,1.6
32,Female,United States,Suburban,Lower-middle,Full-time employed,Other,Single,No,11.0,6.8,Average,21,9,8016,35.1,0,4,18,4.8,4,246.0,13,4,168,128,157,49,30,43,26,8,125,60,45,98,14199,9808,0.5,2018,2025-02-21,18.9,Videos,Art,Friends only,2,Free,1.08
13,Male,United States,Rural,Middle,Not employed,Master’s,Relationship,No,15.1,8.7,Good,24,4,7855,0.0,2,8,11,3.0,9,357.0,18,12,300,150,193,69,51,48,30,6,189,56,70,83,3660,5417,0.56,2026,2026-01-03,19.8,Live,Travel,Public,1,Business,1.03
24,Female,United Kingdom,Rural,Low,Student,Bachelor’s,Relationship,No,3.3,7.2,Average,16,1,7989,30.0,4,3,12,4.2,4,228.0,20,5,242,120,137,38,23,44,31,5,92,63,35,84,2807,5696,0.19,2023,2025-08-26,11.4,Photos,Fashion,Friends only,2,Free,1.0
26,Female,Brazil,Rural,Middle,Full-time employed,Bachelor’s,Single,No,17.9,8.1,Good,29,6,8012,36.2,3,5,14,0.6,1,186.0,7,2,208,95,114,28,36,34,13,2,84,52,31,61,145,61,0.75,2020,2025-03-09,26.6,Photos,Food,Private,3,Free,0.94
52,Female,India,Suburban,Upper-middle,Freelancer,Master’s,Single,No,11.8,5.5,Good,21,5,7752,36.7,1,4,9,5.9,1,143.0,9,1,142,88,115,24,32,34,13,4,78,20,21,30,1408,3328,0.27,2017,2025-09-13,15.9,Live,Fashion,Private,0,Free,1.15
54,Male,United States,Suburban,Lower-middle,Freelancer,Bachelor’s,Married,No,5.8,7.0,Very poor,3,6,8080,50.7,2,4,10,4.1,2,5.0,1,6,28,32,17,4,15,15,5,2,2,1,1,2,2392,5048,0.95,2018,2025-06-29,5.0,Photos,Music,Private,2,Premium,7.17
60,Male,South Korea,Urban,Middle,Full-time employed,Some college,Relationship,Yes,5.4,5.2,Average,27,3,8041,36.9,3,5,6,2.8,2,237.0,8,6,177,118,169,47,36,32,20,5,116,32,27,84,164,247,0.32,2024,2025-02-18,29.6,Mixed,Music,Private,2,Premium,1.18
24,Male,Brazil,Urban,Low,Freelancer,Bachelor’s,Married,No,12.7,6.0,Good,27,7,7980,25.6,1,3,11,6.5,6,228.0,11,8,250,126,141,38,38,51,19,10,131,53,56,65,3288,6750,0.15,2022,2025-11-15,20.7,Mixed,Fitness,Friends only,1,Free,1.05
31,Male,Germany,Suburban,Lower-middle,Student,High school,Relationship,Yes,1.5,5.8,Good,22,9,8036,40.9,4,2,14,6.0,3,274.0,15,5,204,119,144,44,47,40,35,11,115,32,44,109,469,480,0.57,2015,2025-07-29,18.3,Reels,Other,Private,3,Free,0.9
30,Male,United States,Suburban,Upper-middle,Full-time employed,Bachelor’s,Single,No,11.1,5.2,Average,16,5,7900,51.1,5,7,12,3.4,5,126.0,10,3,132,73,89,21,18,23,17,6,58,17,18,40,131,300,0.4,2015,2025-09-17,12.6,Live,Tech,Private,2,Free,1.1
26,Female,United States,Urban,Low,Full-time employed,Bachelor’s,Married,Yes,7.2,7.5,Good,40,3,7995,44.2,2,4,10,2.6,6,383.0,15,5,300,150,230,56,52,55,36,10,223,101,42,110,2959,5689,0.49,2021,2025-03-21,25.5,Videos,Tech,Public,1,Free,0.93
33,Male,Other,Suburban,Middle,Full-time employed,Some college,Relationship,No,8.0,6.8,Average,3,9,8030,49.6,2,4,7,9.6,4,52.0,4,5,62,49,66,8,16,10,5,4,29,12,6,17,1373,2208,0.82,2011,2025-04-07,13.0,Stories,Tech,Public,3,Premium,1.83
64,Female,Other,Rural,Upper-middle,Student,High school,Single,No,13.9,6.6,Good,0,3,7902,30.0,6,5,4,2.4,3,5.0,1,3,53,34,29,8,10,8,4,0,3,1,1,2,1307,3075,0.42,2017,2025-01-26,5.0,Live,Music,Public,3,Free,9.0
15,Female,United States,Rural,Lower-middle,Not employed,Bachelor’s,Relationship,No,1.7,6.8,Average,19,9,7799,0.0,2,3,12,5.7,6,183.0,7,8,228,102,131,40,31,32,30,6,82,22,41,61,759,523,0.11,2024,2026-01-03,26.1,Mixed,Tech,Friends only,0,Free,1.28
24,Male,Australia,Urban,Upper-middle,Full-time employed,Some college,Married,No,18.1,6.7,Very poor,28,4,8050,36.2,2,2,12,4.1,3,320.0,19,16,294,150,200,48,43,38,28,4,135,76,63,126,1029,619,0.88,2015,2025-11-27,16.8,Stories,Other,Private,0,Free,1.07
40,Female,Canada,Suburban,Lower-middle,Student,Bachelor’s,Married,No,6.4,6.9,Good,17,5,8015,33.4,5,7,4,3.4,0,140.0,6,2,120,76,79,36,27,20,17,4,60,23,23,41,1845,3785,0.76,2010,2025-04-16,23.3,Live,Other,Public,2,Free,1.11
48,Male,India,Urban,Low,Freelancer,Some college,Divorced,No,2.6,6.9,Excellent,39,10,8060,45.1,4,4,17,1.9,4,303.0,24,4,215,145,187,47,44,35,36,10,169,45,60,62,3138,2614,0.24,2021,2025-12-13,12.6,Reels,Food,Friends only,2,Free,0.96
42,Female,Australia,Rural,Lower-middle,Full-time employed,Other,Single,No,8.5,6.7,Poor,2,4,7999,31.6,2,4,8,4.2,2,119.0,6,2,108,78,75,21,20,23,15,6,60,15,25,31,414,334,0.05,2019,2025-10-22,19.8,Stories,Other,Private,1,Premium,1.02
14,Male,United States,Rural,Low,Not employed,Bachelor’s,Single,No,11.5,7.1,Poor,3,7,8070,0.0,4,5,9,4.8,3,17.0,1,4,131,14,31,6,18,9,7,1,9,3,3,7,212,139,0.1,2025,2025-05-18,17.0,Stories,Tech,Private,1,Free,3.06
54,Male,United States,Urban,Middle,Part-time,Some college,Single,No,10.4,7.2,Poor,24,4,7923,42.7,5,5,11,7.0,2,167.0,13,4,127,116,97,29,28,25,17,3,80,43,34,52,1001,1435,0.29,2019,2025-09-11,12.8,Reels,Other,Public,1,Free,0.99
29,Male,India,Urban,Upper-middle,Student,Bachelor’s,Single,No,1.9,6.7,Good,8,4,8016,36.4,5,2,10,3.7,7,156.0,12,1,203,100,92,24,35,28,17,2,83,16,16,47,1150,1732,0.63,2019,2025-03-03,13.0,Stories,Music,Private,2,Free,0.91
35,Male,Brazil,Urban,Upper-middle,Unemployed,Some college,Relationship,Yes,3.5,8.8,Average,12,2,7986,47.7,1,2,6,3.8,4,220.0,10,6,173,120,130,36,37,35,25,4,100,50,28,67,485,461,0.69,2023,2025-12-20,22.0,Mixed,Travel,Private,5,Premium,1.0
21,Female,United States,Urban,Low,Student,Bachelor’s,Married,No,11.2,5.1,Average,34,9,7964,60.8,3,4,10,5.5,4,168.0,5,7,239,113,110,39,42,22,24,4,80,19,27,53,2686,5442,0.28,2025,2025-03-12,33.6,Photos,Fitness,Private,1,Free,1.24
32,Male,United States,Urban,Lower-middle,Full-time employed,Other,Single,No,5.3,4.7,Poor,38,3,8073,69.3,2,4,11,3.2,4,443.0,32,8,280,150,261,63,65,54,50,9,247,58,91,118,83,89,0.36,2014,2025-05-30,13.8,Reels,Food,Private,3,Free,0.93
22,Female,Other,Suburban,Low,Part-time,High school,Single,Yes,7.1,7.8,Average,3,3,8035,32.8,0,6,9,3.0,0,67.0,2,9,145,52,58,9,19,16,9,2,34,17,16,14,383,364,0.95,2025,2025-04-20,33.5,Photos,Other,Friends only,2,Business,1.51
49,Male,Brazil,Urban,Low,Full-time employed,High school,Single,No,9.0,8.9,Average,30,10,7978,55.5,2,4,10,4.1,1,175.0,7,3,150,117,118,31,28,27,26,5,82,52,24,49,2341,1083,0.3,2016,2025-06-04,25.0,Mixed,Tech,Private,1,Premium,1.07
37,Female,United States,Rural,Lower-middle,Freelancer,Master’s,Relationship,No,4.9,5.9,Poor,24,8,8002,43.9,0,2,9,0.5,5,168.0,6,1,149,95,117,30,21,32,18,8,80,49,30,42,889,1157,0.74,2015,2025-07-11,28.0,Stories,Tech,Friends only,1,Free,1.07
49,Male,Brazil,Urban,Lower-middle,Freelancer,Bachelor’s,Relationship,Yes,9.2,9.7,Excellent,16,5,7857,31.1,7,7,4,5.9,2,128.0,6,10,137,52,78,23,25,24,22,7,69,14,21,50,626,1357,0.34,2019,2025-09-13,21.3,Stories,Fashion,Public,3,Business,1.19
39,Male,United States,Urban,Lower-middle,Full-time employed,Bachelor’s,Relationship,No,2.2,6.5,Average,16,10,7921,44.2,2,3,10,2.1,1,84.0,6,4,106,62,66,17,19,16,15,4,42,12,17,32,439,741,0.7,2016,2025-05-27,14.0,Live,Art,Public,3,Free,1.32
20,Female,United States,Urban,Lower-middle,Part-time,High school,Relationship,No,4.4,7.8,Very poor,25,6,8139,57.1,2,5,11,4.7,0,237.0,8,16,234,114,147,35,40,34,25,6,121,60,50,76,504,1125,0.85,2019,2025-05-20,29.6,Live,Food,Friends only,1,Free,1.11
35,Male,United Kingdom,Urban,High,Full-time employed,Bachelor’s,Married,No,8.0,6.1,Average,10,7,8170,24.6,2,6,9,5.1,2,182.0,11,7,158,113,125,41,32,38,14,4,109,39,39,53,4589,6495,0.18,2022,2025-12-07,16.5,Stories,Fitness,Private,1,Business,1.25
28,Male,India,Urban,Low,Full-time employed,Some college,Married,No,7.0,7.5,Poor,17,2,7897,54.1,3,6,10,3.2,6,251.0,9,6,270,127,122,50,24,35,14,6,119,45,45,73,6917,8121,0.46,2022,2025-08-27,27.9,Live,Food,Friends only,2,Free,0.95
39,Male,India,Urban,High,Full-time employed,High school,Relationship,No,2.7,8.6,Average,10,5,8027,49.8,6,3,12,6.0,2,216.0,9,3,169,118,145,45,33,35,17,7,111,24,42,56,835,1525,0.43,2010,2025-02-07,24.0,Mixed,Tech,Private,2,Free,1.12
29,Male,India,Suburban,Lower-middle,Full-time employed,High school,Single,No,5.9,6.6,Average,15,2,8053,48.3,1,4,11,2.7,2,221.0,24,6,264,125,153,35,32,38,21,3,95,61,53,49,146,139,0.83,2018,2025-01-02,9.2,Mixed,Tech,Friends only,3,Free,1.09
25,Female,United Kingdom,Urban,High,Full-time employed,High school,Relationship,No,12.0,7.7,Good,39,3,8023,36.9,3,4,10,1.8,3,440.0,38,8,300,150,258,57,51,57,38,9,227,115,66,94,369,172,0.87,2014,2025-12-24,11.6,Stories,Art,Friends only,2,Free,0.9
62,Female,United Kingdom,Urban,Low,Freelancer,High school,Relationship,No,12.7,7.9,Poor,4,1,7982,41.1,2,4,11,5.8,8,95.0,3,1,93,79,78,31,22,25,12,0,53,15,12,23,895,1649,0.12,2012,2025-12-18,31.7,Stories,Travel,Friends only,0,Free,1.49
35,Female,South Korea,Urban,Middle,Full-time employed,Master’s,Relationship,No,7.8,8.6,Excellent,12,4,8066,53.8,3,4,8,9.9,5,136.0,6,3,119,85,94,25,20,17,15,2,62,16,30,40,614,1177,0.7,2025,2025-12-15,22.7,Photos,Food,Public,1,Free,1.12
24,Male,Germany,Urban,Low,Full-time employed,Bachelor’s,Married,No,3.8,8.2,Average,19,5,7951,38.6,2,9,12,5.2,4,231.0,11,10,285,130,143,33,37,36,24,10,126,61,41,58,2629,2624,0.89,2025,2025-05-22,21.0,Reels,Art,Friends only,4,Free,1.03
54,Male,Other,Suburban,Middle,Full-time employed,Bachelor’s,Married,No,9.7,7.9,Average,27,8,8004,34.6,2,6,7,7.1,2,274.0,8,6,193,122,165,52,36,40,25,6,142,56,39,70,574,826,0.22,2014,2025-04-24,34.2,Reels,Food,Friends only,1,Free,1.04
13,Female,United States,Rural,Upper-middle,Not employed,Master’s,Single,No,13.7,8.7,Excellent,2,3,8125,0.0,1,5,7,9.4,3,111.0,9,5,177,62,83,25,12,16,17,3,49,22,18,29,11570,10000,0.31,2026,2025-12-13,12.3,Mixed,Music,Public,0,Free,1.32
19,Male,Japan,Suburban,Low,Full-time employed,Some college,Single,No,9.0,8.2,Good,4,9,7847,36.0,6,4,9,4.6,6,77.0,7,6,176,63,58,19,18,15,7,2,35,12,16,30,14595,10000,0.71,2020,2025-09-11,11.0,Live,Travel,Private,2,Free,1.46
38,Female,Brazil,Rural,Lower-middle,Full-time employed,Other,Single,No,9.7,6.7,Good,12,3,7965,53.7,3,10,15,4.0,2,194.0,10,5,160,113,116,38,36,23,15,8,94,49,45,77,3419,6757,0.81,2013,2025-09-28,19.4,Reels,Travel,Private,5,Business,1.06
51,Female,Canada,Suburban,Middle,Full-time employed,Master’s,Single,No,4.6,7.1,Good,29,2,7949,34.1,1,6,8,1.3,3,326.0,17,4,224,150,190,60,46,47,27,10,146,63,65,88,2106,1549,0.05,2023,2025-07-21,19.2,Mixed,Art,Friends only,1,Free,0.98
20,Non-binary,India,Urban,Middle,Freelancer,Some college,Divorced,No,13.8,7.1,Poor,7,6,8042,15.8,2,3,14,0.7,2,94.0,11,12,172,67,68,22,19,16,13,8,49,11,14,37,1126,701,0.52,2019,2025-11-21,8.5,Mixed,Travel,Public,2,Free,1.56
55,Male,Other,Urban,Lower-middle,Unemployed,Bachelor’s,Single,Yes,3.4,6.8,Good,7,10,7893,46.8,5,4,11,1.6,7,14.0,1,2,53,31,28,9,5,9,8,1,6,2,2,3,5019,10000,0.03,2011,2025-05-19,14.0,Mixed,Tech,Public,3,Premium,3.47
40,Male,Brazil,Suburban,Lower-middle,Full-time employed,High school,Relationship,No,5.6,6.4,Good,21,5,7859,37.9,7,3,8,3.2,5,216.0,14,11,177,119,125,40,40,41,32,4,115,29,38,68,577,901,0.69,2012,2025-03-26,15.4,Videos,Travel,Friends only,1,Free,1.1
41,Female,India,Suburban,Low,Student,High school,Relationship,Yes,14.1,6.7,Good,38,9,8035,41.6,2,5,12,7.5,1,341.0,10,9,257,150,194,58,49,39,28,9,151,63,67,83,822,911,1.0,2015,2025-01-23,34.1,Photos,Music,Private,1,Business,0.99
51,Male,United States,Urban,High,Student,Some college,Divorced,Yes,7.2,6.9,Good,23,8,8084,43.7,2,4,6,3.2,1,161.0,11,4,115,86,94,21,36,23,22,5,68,25,24,45,223,370,0.4,2024,2025-03-20,14.6,Mixed,Fitness,Friends only,3,Free,0.91
17,Female,United States,Suburban,Middle,Not employed,Bachelor’s,Single,No,6.8,5.8,Average,17,5,8104,0.0,1,3,11,2.4,2,157.0,9,9,225,93,103,24,22,27,15,5,81,31,23,61,329,752,0.66,2022,2025-05-18,17.4,Videos,Travel,Private,1,Free,1.13
53,Female,South Korea,Rural,Lower-middle,Full-time employed,Other,Relationship,No,4.2,6.0,Very poor,34,3,8040,29.7,4,4,13,1.7,2,327.0,21,5,246,150,181,50,30,42,40,10,142,67,53,91,651,549,0.26,2014,2025-04-03,15.6,Live,Tech,Private,2,Premium,0.9
61,Male,India,Urban,Upper-middle,Student,Bachelor’s,Single,No,6.5,8.6,Good,8,4,8081,27.0,1,5,8,2.5,3,33.0,4,4,71,45,31,13,12,10,3,1,17,6,7,12,1666,1586,0.11,2013,2025-02-22,8.2,Photos,Travel,Public,1,Free,2.03
48,Male,United States,Urban,Low,Full-time employed,High school,Relationship,Yes,10.8,5.9,Good,30,6,8061,45.6,1,8,5,1.7,5,298.0,19,4,225,121,157,61,50,34,37,10,159,56,62,96,613,1038,0.07,2017,2025-01-22,15.7,Stories,Art,Public,1,Free,0.97
53,Female,United Kingdom,Urban,Lower-middle,Full-time employed,Bachelor’s,Married,No,3.3,6.7,Poor,29,8,8126,34.2,2,3,9,4.1,2,177.0,6,3,155,108,106,25,44,34,14,2,80,39,24,55,122,52,0.22,2014,2025-04-27,29.5,Stories,Fitness,Public,0,Free,0.93
63,Male,Other,Urban,Middle,Unemployed,Some college,Relationship,No,19.9,9.4,Poor,10,9,7951,27.1,6,3,14,4.3,5,5.0,1,3,51,35,31,11,9,14,4,3,2,1,1,2,1176,2669,0.29,2012,2025-09-18,5.0,Mixed,Fitness,Friends only,3,Free,10.33
41,Female,United States,Urban,Middle,Full-time employed,Bachelor’s,Single,Yes,6.3,6.5,Average,33,9,7947,24.8,3,3,4,13.0,2,223.0,10,14,171,116,137,38,34,32,21,7,121,55,27,68,1620,654,0.87,2011,2025-03-05,22.3,Photos,Other,Private,2,Free,1.14
51,Female,United Kingdom,Suburban,High,Retired,High school,Single,No,9.4,6.7,Average,17,9,8051,57.1,3,6,8,5.3,1,136.0,5,3,130,94,90,19,21,25,22,7,61,35,14,52,1885,3285,0.88,2011,2025-05-31,27.2,Mixed,Fashion,Private,0,Free,1.0
47,Male,Brazil,Rural,Middle,Full-time employed,Bachelor’s,Widowed,No,9.1,5.5,Excellent,33,8,8050,23.4,3,6,11,3.9,3,254.0,11,6,201,144,151,48,34,32,31,3,138,43,60,81,945,1893,0.58,2014,2025-01-02,23.1,Photos,Food,Private,2,Free,1.04
30,Male,United States,Urban,Lower-middle,Student,Bachelor’s,Single,No,6.8,7.1,Poor,25,2,7990,26.2,2,1,12,4.6,5,263.0,9,9,205,142,143,47,34,43,25,7,137,73,60,76,16688,10000,0.33,2019,2025-07-19,29.2,Live,Art,Friends only,1,Free,1.0
32,Male,Canada,Urban,Middle,Part-time,Some college,Married,Yes,4.0,8.2,Good,6,4,7966,41.6,3,6,20,1.1,4,57.0,2,4,87,58,44,9,11,20,22,4,25,17,14,22,2622,1060,0.59,2014,2025-06-14,28.5,Videos,Tech,Friends only,2,Free,1.28
62,Female,Australia,Urban,Lower-middle,Part-time,Bachelor’s,Single,Yes,1.2,7.6,Average,38,5,7932,56.1,4,3,10,0.5,3,332.0,10,9,249,150,195,74,52,43,32,8,192,95,38,74,671,1248,0.99,2025,2025-04-05,33.2,Reels,Food,Friends only,1,Free,1.11
26,Female,India,Suburban,Middle,Full-time employed,Some college,Relationship,No,1.5,5.5,Poor,12,5,7949,45.6,3,3,7,4.3,4,131.0,4,4,196,77,120,32,26,22,27,6,70,39,26,34,7852,8964,0.04,2018,2025-03-19,32.8,Photos,Tech,Friends only,3,Free,1.48
55,Male,United States,Urban,High,Unemployed,Other,Married,No,3.8,6.5,Average,31,5,8072,26.0,3,2,8,8.2,1,274.0,11,8,191,141,151,46,40,41,20,9,119,65,29,68,2063,1408,0.92,2011,2025-10-28,24.9,Videos,Fitness,Private,1,Free,0.97
36,Female,Brazil,Urban,Lower-middle,Full-time employed,Master’s,Married,Yes,11.7,8.7,Poor,14,7,7896,27.3,3,8,10,3.1,0,140.0,5,6,103,95,96,30,21,22,15,6,82,24,20,39,2127,874,0.01,2024,2025-11-17,28.0,Photos,Fitness,Friends only,3,Premium,1.23
45,Male,Brazil,Urban,Middle,Full-time employed,Master’s,Married,No,19.0,7.1,Average,33,5,7993,42.8,1,5,5,3.8,4,235.0,12,3,156,119,156,42,36,30,17,5,116,60,59,79,668,1162,0.32,2022,2025-03-09,19.6,Videos,Other,Public,1,Free,1.06
26,Male,United States,Suburban,High,Freelancer,High school,Relationship,No,7.7,7.7,Very poor,3,1,8059,29.8,1,4,11,4.8,4,133.0,12,5,208,82,91,34,23,21,14,4,73,38,24,42,322,588,0.46,2021,2025-11-21,11.1,Photos,Fitness,Friends only,2,Business,1.3
15,Female,United Kingdom,Urban,Low,Not employed,Bachelor’s,Single,No,3.0,6.4,Average,24,6,8008,0.0,6,4,9,0.9,1,245.0,9,11,274,125,153,45,40,43,27,6,130,70,36,78,786,1326,0.13,2024,2025-12-01,27.2,Live,Other,Private,0,Free,1.12
29,Female,South Korea,Urban,Lower-middle,Freelancer,Master’s,Relationship,Yes,11.3,6.9,Average,18,9,8074,45.0,6,4,7,3.3,0,102.0,5,4,189,71,71,18,19,19,16,3,47,25,18,27,652,1222,0.49,2013,2025-06-06,20.4,Live,Tech,Public,0,Free,1.16
28,Female,Japan,Urban,Low,Student,Bachelor’s,Single,No,2.2,7.2,Good,1,8,7943,29.4,2,5,8,3.3,3,5.0,1,2,112,30,31,3,7,13,8,1,3,1,1,2,3498,4923,0.84,2011,2025-03-25,5.0,Mixed,Travel,Public,1,Free,7.17
37,Female,Japan,Urban,Low,Full-time employed,Bachelor’s,Married,No,0.8,4.9,Poor,31,9,7919,44.7,5,4,11,3.7,2,255.0,8,8,201,125,146,48,33,42,26,3,128,51,34,52,1028,1670,0.35,2021,2025-09-08,31.9,Videos,Fashion,Public,1,Free,1.04
25,Female,Australia,Urban,Lower-middle,Freelancer,High school,Single,Yes,1.8,9.1,Excellent,17,9,8111,46.6,5,5,5,4.9,2,117.0,10,1,190,72,85,20,20,18,15,0,56,19,27,25,1257,987,0.06,2023,2025-10-25,11.7,Videos,Fitness,Friends only,3,Business,1.08
55,Male,India,Suburban,Low,Full-time employed,Some college,Married,No,10.7,7.7,Poor,7,2,7826,34.4,1,6,11,3.8,3,112.0,7,3,107,75,79,21,24,16,20,2,63,22,16,42,3376,7173,0.25,2017,2025-04-10,16.0,Live,Fitness,Friends only,2,Free,1.15
30,Female,Canada,Urban,Lower-middle,Full-time employed,PhD,Widowed,No,5.6,6.7,Excellent,8,10,7976,35.2,4,3,16,2.1,0,5.0,1,1,46,24,41,2,7,11,10,2,3,1,1,2,645,748,0.05,2011,2025-05-09,5.0,Reels,Tech,Private,1,Free,8.0
29,Male,United States,Urban,Lower-middle,Full-time employed,Some college,Single,No,14.0,7.9,Average,14,1,8052,42.1,5,4,18,5.6,1,281.0,27,4,279,145,160,50,34,37,27,10,163,68,70,89,882,1818,0.09,2020,2025-02-28,10.4,Mixed,Other,Private,0,Free,0.96
55,Male,United States,Urban,Upper-middle,Full-time employed,Master’s,Single,Yes,2.4,7.5,Poor,0,7,8002,29.7,2,5,7,2.4,4,33.0,1,2,56,39,58,13,14,15,5,0,17,8,5,11,121,94,0.53,2023,2025-09-30,33.0,Stories,Other,Friends only,2,Free,2.65
46,Male,United States,Urban,Lower-middle,Student,Master’s,Relationship,Yes,12.0,5.8,Average,6,3,7974,52.8,2,6,10,9.9,1,69.0,3,2,78,55,50,21,20,19,13,1,34,14,13,21,1050,468,0.42,2017,2025-11-23,23.0,Reels,Travel,Private,2,Premium,1.4
49,Male,United States,Urban,Low,Student,Some college,Single,Yes,4.7,8.0,Excellent,38,3,7944,34.4,4,4,9,2.8,2,375.0,14,4,270,150,200,71,51,37,40,5,185,83,54,101,1141,542,0.51,2014,2025-04-14,26.8,Photos,Fashion,Private,3,Free,0.94
27,Male,India,Urban,Middle,Full-time employed,Bachelor’s,Single,No,4.4,6.1,Good,29,8,7969,34.1,4,2,13,1.7,1,172.0,5,1,203,101,99,28,21,28,15,1,85,29,22,37,482,962,0.04,2021,2025-07-30,34.4,Videos,Food,Private,0,Free,0.91
50,Male,South Korea,Urban,Lower-middle,Part-time,Bachelor’s,Single,No,12.8,6.1,Good,24,1,8068,54.3,5,5,10,1.4,5,243.0,27,9,180,127,147,52,42,34,36,7,104,53,51,50,6364,4068,0.54,2023,2025-12-18,9.0,Photos,Fitness,Friends only,3,Free,1.14
27,Male,United States,Suburban,Lower-middle,Full-time employed,Bachelor’s,Relationship,No,7.3,7.0,Good,11,6,7918,40.8,1,4,10,8.0,3,76.0,3,5,165,66,73,24,19,18,8,4,33,23,12,27,2872,3536,0.1,2020,2025-05-16,25.3,Videos,Fitness,Friends only,4,Business,1.77
45,Male,Canada,Urban,Middle,Full-time employed,High school,Single,No,4.4,8.6,Average,7,9,8019,37.6,4,6,12,2.6,5,5.0,1,6,47,30,28,8,10,6,5,0,2,1,1,1,220,423,0.43,2019,2025-05-29,5.0,Stories,Other,Private,1,Premium,10.33
40,Male,United States,Suburban,Low,Unemployed,High school,Single,Yes,2.2,8.2,Very poor,11,4,8154,38.4,2,4,6,3.1,3,94.0,5,1,113,69,66,17,15,17,18,0,38,21,14,27,229,236,0.14,2023,2025-08-29,18.8,Videos,Other,Public,2,Premium,1.08
42,Male,United Kingdom,Urban,Middle,Full-time employed,Bachelor’s,Single,No,10.3,6.3,Average,35,1,7955,34.2,3,2,12,8.0,4,404.0,22,8,293,150,213,67,54,60,44,12,211,94,57,98,1212,868,0.59,2010,2025-11-07,18.4,Mixed,Art,Friends only,0,Free,0.92
62,Male,United Kingdom,Urban,Low,Full-time employed,Other,Relationship,Yes,7.6,6.4,Average,18,9,7956,46.2,1,2,12,7.0,2,111.0,11,3,110,87,80,24,25,25,13,6,59,16,14,38,696,956,0.21,2017,2025-06-01,10.1,Live,Other,Public,1,Free,1.22
18,Male,Brazil,Urban,Middle,Student,Bachelor’s,Relationship,No,7.3,5.9,Good,7,6,8022,44.4,3,5,14,1.2,0,139.0,15,12,226,85,110,31,26,31,13,2,74,39,23,42,3524,1679,0.6,2021,2025-04-13,9.3,Photos,Food,Private,2,Free,1.49
40,Male,Germany,Suburban,Low,Full-time employed,High school,Divorced,No,0.9,7.4,Good,36,2,7995,35.2,1,4,15,6.1,5,322.0,39,9,243,150,186,48,33,36,19,4,170,89,74,74,5039,4127,0.78,2018,2025-12-23,8.3,Stories,Fashion,Private,4,Free,0.96
47,Male,Australia,Suburban,Lower-middle,Full-time employed,Bachelor’s,Single,Yes,7.2,8.4,Average,22,3,8091,44.0,5,2,5,1.8,3,280.0,15,7,210,141,143,43,47,39,27,1,160,76,41,72,579,701,0.18,2016,2025-08-20,18.7,Stories,Travel,Friends only,1,Business,0.89
44,Male,Canada,Urban,Lower-middle,Full-time employed,High school,Single,No,5.3,9.1,Average,35,2,8079,32.7,6,5,7,0.3,8,396.0,14,9,289,150,229,64,43,60,42,8,167,56,86,115,2996,5167,0.07,2017,2025-04-14,28.3,Live,Food,Public,1,Free,0.97
38,Male,Other,Suburban,High,Student,High school,Married,Yes,2.6,7.4,Average,10,1,8170,49.5,4,2,7,5.0,4,250.0,18,6,190,142,132,42,43,41,30,7,103,55,50,87,667,1009,0.81,2010,2025-03-22,13.9,Videos,Food,Friends only,3,Free,0.93
53,Male,Brazil,Urban,Low,Full-time employed,Master’s,Single,Yes,1.1,6.6,Poor,5,4,7846,41.2,3,7,12,2.1,0,80.0,6,2,83,59,57,19,18,21,16,4,39,9,15,16,88,99,0.62,2018,2025-08-26,13.3,Stories,Fitness,Private,3,Free,1.25
13,Female,Brazil,Suburban,Low,Not employed,Some college,Single,No,4.1,6.6,Excellent,29,2,8042,0.0,2,6,11,5.7,3,305.0,16,11,300,147,210,50,29,41,36,11,144,89,45,106,419,312,0.28,2026,2025-05-20,19.1,Live,Other,Private,1,Business,1.12
49,Female,India,Rural,Low,Full-time employed,High school,Married,Yes,15.5,6.9,Average,14,2,8063,40.3,3,4,9,1.5,2,193.0,6,4,138,117,146,46,31,39,22,3,93,35,22,47,1590,1422,0.55,2013,2025-08-01,32.2,Reels,Other,Private,2,Free,1.29
17,Male,United States,Suburban,High,Not employed,Master’s,Single,No,7.1,7.7,Good,17,8,7839,0.0,4,3,7,0.2,2,185.0,6,9,255,120,103,30,22,35,15,5,87,38,31,69,2473,4422,0.25,2022,2025-11-15,30.8,Mixed,Other,Public,2,Free,1.02
19,Female,Brazil,Urban,Middle,Full-time employed,Bachelor’s,Divorced,Yes,5.2,7.6,Average,13,4,8161,36.4,2,3,12,2.4,1,169.0,7,7,243,95,124,31,30,23,10,3,85,25,39,56,2237,912,0.3,2020,2025-03-25,24.1,Stories,Fitness,Private,1,Free,1.22
33,Female,Australia,Suburban,Middle,Full-time employed,Bachelor’s,Relationship,Yes,7.0,8.6,Good,37,3,8158,53.3,1,0,5,5.8,3,288.0,13,3,209,135,153,40,37,48,24,6,115,70,32,114,560,1124,0.68,2010,2025-09-20,22.2,Reels,Fashion,Friends only,5,Free,0.84
27,Female,United States,Urban,Low,Retired,High school,Married,Yes,1.9,7.8,Good,19,1,7962,40.4,1,1,13,4.7,2,211.0,12,8,249,128,143,31,34,26,29,7,86,59,44,57,3394,2464,0.99,2012,2025-12-11,17.6,Videos,Fashion,Friends only,3,Free,1.08
56,Male,Brazil,Urban,Lower-middle,Retired,Bachelor’s,Single,Yes,2.8,8.0,Very poor,2,5,7951,54.1,3,5,6,3.0,3,53.0,4,2,83,49,53,13,10,11,10,3,27,12,6,12,1819,813,0.52,2017,2025-08-31,13.2,Reels,Music,Friends only,1,Free,1.57
34,Female,Australia,Urban,Middle,Full-time employed,High school,Married,Yes,9.9,7.0,Poor,31,9,7918,25.9,7,2,9,5.4,4,163.0,17,2,142,71,92,29,34,21,20,10,67,40,20,38,1245,2587,0.88,2017,2025-09-23,9.6,Stories,Music,Public,3,Free,0.95
58,Female,United States,Urban,Low,Student,High school,Married,Yes,5.6,5.2,Good,30,5,7978,44.4,0,8,18,8.2,3,290.0,15,4,241,149,174,49,40,41,22,3,170,59,39,73,2233,993,0.42,2011,2025-10-09,19.3,Videos,Music,Friends only,1,Free,0.98
29,Female,Canada,Urban,Lower-middle,Freelancer,Other,Relationship,No,2.3,7.5,Average,7,3,8079,43.1,3,5,6,4.5,5,112.0,5,2,181,74,68,22,27,24,10,3,60,33,20,42,723,1444,0.72,2017,2025-06-10,22.4,Live,Other,Private,3,Free,1.04
22,Female,United Kingdom,Suburban,Lower-middle,Full-time employed,Bachelor’s,Single,No,13.2,6.1,Poor,9,9,8141,48.3,3,1,11,3.8,4,42.0,2,6,167,58,50,14,15,14,7,3,21,12,5,17,691,948,0.65,2017,2025-11-19,21.0,Photos,Music,Private,4,Premium,2.23
42,Female,Australia,Suburban,Middle,Full-time employed,Master’s,Married,No,2.8,6.8,Very poor,29,1,7919,56.8,3,1,14,2.6,1,354.0,17,11,269,150,195,44,45,64,37,13,198,83,76,76,776,1372,0.66,2013,2025-10-11,20.8,Stories,Travel,Private,2,Free,0.89
18,Female,India,Rural,Middle,Full-time employed,Bachelor’s,Married,Yes,5.9,6.6,Good,6,8,8022,38.0,3,3,8,5.2,1,82.0,5,9,153,62,67,20,16,19,12,7,42,19,13,28,4378,6287,0.49,2021,2025-09-19,16.4,Stories,Other,Friends only,1,Free,1.61
58,Female,Australia,Urban,Lower-middle,Student,Some college,Married,Yes,12.9,7.2,Excellent,4,6,7952,42.6,6,3,14,1.1,3,71.0,3,4,73,61,61,18,22,18,15,1,34,19,17,26,4882,7600,0.58,2010,2025-05-23,23.7,Videos,Food,Public,3,Free,1.51
47,Female,Canada,Urban,Lower-middle,Full-time employed,High school,Single,No,8.7,5.7,Very poor,5,9,8068,35.9,4,2,11,4.1,4,5.0,1,1,40,35,28,2,13,3,5,1,2,1,1,2,436,225,0.93,2015,2025-02-09,5.0,Reels,Fitness,Public,2,Free,5.83
40,Female,United States,Urban,Upper-middle,Student,High school,Single,No,8.3,7.4,Poor,12,9,7923,30.3,0,0,12,8.8,5,66.0,2,5,73,56,55,15,16,15,9,2,35,12,12,19,1065,931,0.1,2010,2025-12-06,33.0,Mixed,Art,Private,5,Free,1.49
27,Female,United States,Suburban,Middle,Full-time employed,Some college,Married,No,2.4,6.0,Excellent,21,7,8115,50.7,7,8,13,1.3,7,202.0,17,12,231,93,146,39,34,30,20,6,118,41,45,43,2905,1595,0.7,2018,2025-04-23,11.9,Mixed,Tech,Public,3,Free,1.28
43,Male,Canada,Urban,Middle,Retired,Bachelor’s,Single,Yes,10.0,7.2,Very poor,14,8,8015,28.8,5,1,10,0.5,1,148.0,4,6,129,84,102,29,25,28,17,5,63,15,23,50,644,594,0.03,2022,2025-07-01,37.0,Reels,Other,Public,2,Free,1.19
18,Male,Australia,Urban,Middle,Full-time employed,Some college,Single,Yes,7.4,4.7,Good,14,9,8054,37.9,2,4,9,0.7,5,142.0,5,17,191,94,102,27,21,30,16,0,78,34,17,37,1917,1343,0.39,2021,2025-05-03,28.4,Mixed,Music,Friends only,2,Free,1.45
32,Male,Australia,Urban,Upper-middle,Student,High school,Relationship,Yes,16.7,6.7,Poor,37,4,8064,33.9,3,8,11,1.2,3,342.0,19,9,252,149,206,56,59,49,30,4,187,91,62,76,700,1014,0.58,2018,2025-03-04,18.0,Mixed,Fitness,Public,3,Premium,1.01
23,Female,South Korea,Urban,Low,Full-time employed,Bachelor’s,Widowed,No,10.7,8.5,Excellent,1,6,8091,51.1,3,1,9,3.2,2,46.0,3,3,122,39,55,16,21,13,10,1,26,5,11,16,981,1872,0.99,2016,2025-03-12,15.3,Reels,Fitness,Private,4,Free,2.04
15,Female,Brazil,Urban,Middle,Not employed,Master’s,Relationship,No,4.2,4.9,Poor,14,10,8004,0.0,3,2,6,7.0,3,117.0,5,6,198,67,80,27,20,18,12,2,61,35,21,33,1352,2624,0.3,2024,2025-03-21,23.4,Mixed,Fitness,Public,5,Free,1.29
34,Male,United Kingdom,Rural,Lower-middle,Full-time employed,Some college,Single,No,8.0,6.2,Average,24,3,8044,48.8,7,3,15,6.8,3,240.0,8,10,169,112,134,39,32,33,20,4,122,65,30,92,3536,7457,0.53,2022,2025-09-14,30.0,Reels,Food,Public,0,Free,1.0
48,Female,Canada,Urban,Middle,Part-time,Bachelor’s,Relationship,No,7.1,7.3,Excellent,38,7,8030,49.9,3,6,7,5.3,2,287.0,18,9,215,150,170,38,45,29,31,8,164,48,67,66,2647,1779,0.55,2017,2025-01-12,15.9,Live,Other,Public,2,Free,0.95
22,Male,India,Suburban,Low,Freelancer,Bachelor’s,Single,No,5.9,6.8,Very poor,19,3,7851,64.3,2,4,6,2.9,6,207.0,13,9,241,107,120,33,40,27,24,6,111,23,36,55,517,1018,0.25,2020,2025-11-04,15.9,Reels,Food,Friends only,3,Free,1.02
14,Female,United States,Rural,Middle,Not employed,Master’s,Single,No,12.0,7.8,Good,9,2,7990,0.0,5,10,11,5.6,2,146.0,13,10,203,80,83,23,29,17,9,7,70,42,33,49,328,745,0.96,2025,2025-04-26,11.2,Mixed,Food,Private,1,Free,1.08
36,Male,India,Urban,Middle,Full-time employed,Some college,Relationship,No,7.0,7.8,Average,14,1,7821,20.1,4,5,8,1.4,1,237.0,20,7,176,123,117,41,35,43,24,8,138,30,28,65,2185,3406,0.9,2011,2025-11-14,11.8,Live,Fashion,Friends only,3,Free,0.92
61,Female,United States,Urban,Low,Full-time employed,High school,Married,No,11.5,4.9,Excellent,18,8,7911,35.2,4,7,8,4.7,2,83.0,4,1,90,62,70,25,17,20,13,1,34,15,15,20,184,351,0.9,2017,2025-10-16,20.8,Live,Other,Public,2,Free,1.46
40,Male,Japan,Rural,High,Part-time,Some college,Single,No,11.0,8.0,Good,17,3,7964,38.4,2,2,7,6.1,3,185.0,7,1,139,114,124,26,27,25,11,6,85,47,24,61,1749,1399,0.07,2015,2025-10-14,26.4,Photos,Travel,Public,2,Free,0.96
41,Male,Brazil,Rural,Upper-middle,Student,High school,Married,No,18.0,4.9,Good,15,8,7997,39.5,2,4,7,5.7,1,53.0,2,5,77,52,54,15,20,12,7,3,21,11,5,14,524,538,0.43,2021,2025-04-08,26.5,Videos,Art,Private,0,Free,1.83
59,Female,India,Urban,Middle,Full-time employed,Bachelor’s,Relationship,No,8.1,6.5,Average,22,3,7923,45.5,1,2,6,2.8,6,262.0,22,3,193,118,159,47,27,32,25,4,131,53,29,76,706,292,0.69,2022,2025-01-06,11.9,Photos,Music,Private,1,Business,1.0
52,Female,India,Urban,Lower-middle,Full-time employed,High school,Divorced,No,5.0,5.8,Good,7,2,8071,35.5,3,4,8,4.8,1,99.0,3,2,91,78,83,24,22,19,16,6,56,10,23,21,3167,5344,0.27,2017,2025-03-12,33.0,Stories,Music,Private,3,Free,1.37
42,Male,India,Rural,Middle,Freelancer,Some college,Single,Yes,1.1,7.3,Average,5,1,8059,17.2,6,1,9,11.1,3,122.0,4,2,112,73,90,16,15,20,12,3,55,20,17,46,104,174,0.76,2022,2025-09-16,30.5,Live,Tech,Private,2,Free,1.04
55,Female,South Korea,Urban,Middle,Full-time employed,Master’s,Single,No,4.8,8.3,Average,29,9,7843,45.5,3,2,12,5.2,2,143.0,5,2,138,98,111,18,22,24,13,6,82,16,30,29,1199,508,0.3,2019,2025-01-09,28.6,Mixed,Art,Friends only,2,Premium,1.06
14,Female,United States,Suburban,Upper-middle,Not employed,High school,Single,No,4.2,6.1,Excellent,37,10,7891,0.0,2,3,10,6.2,4,318.0,10,11,300,150,180,50,37,58,34,4,132,56,73,111,1339,556,0.6,2025,2025-04-11,31.8,Mixed,Travel,Private,1,Free,0.98
19,Male,United States,Urban,Low,Student,Some college,Single,Yes,2.1,6.3,Good,22,9,7963,40.1,3,2,8,7.3,0,163.0,5,7,207,85,90,28,24,37,16,3,86,39,19,60,109,259,0.28,2020,2025-02-01,32.6,Videos,Other,Private,2,Free,1.02
21,Female,Other,Urban,Middle,Full-time employed,Master’s,Relationship,No,4.3,7.5,Average,2,5,8034,29.1,5,0,9,1.9,6,137.0,5,7,204,70,91,32,31,18,13,3,73,16,27,51,298,482,0.06,2018,2025-07-02,27.4,Stories,Travel,Friends only,3,Free,1.28
20,Male,Brazil,Urban,Middle,Unemployed,Other,Married,No,19.3,7.4,Very poor,30,1,8055,46.8,4,1,16,1.8,4,350.0,17,9,300,150,200,69,57,38,36,10,163,79,39,92,1636,2524,0.38,2021,2025-02-10,20.6,Live,Art,Public,1,Free,1.04
53,Male,Other,Urban,High,Full-time employed,Bachelor’s,Married,No,5.7,6.8,Good,11,5,7999,30.9,3,4,7,1.0,2,138.0,5,1,148,74,111,35,22,22,14,6,68,23,32,39,2708,4793,0.58,2017,2025-07-06,27.6,Live,Tech,Public,1,Free,1.32
63,Male,Other,Suburban,Lower-middle,Student,High school,Single,No,7.7,8.0,Average,30,8,7865,40.3,3,4,10,9.5,3,217.0,10,2,159,109,140,34,39,28,16,6,94,46,51,67,888,470,0.66,2012,2025-10-23,21.7,Live,Tech,Friends only,1,Free,0.98
25,Female,South Korea,Suburban,Low,Freelancer,Some college,Single,No,10.3,6.4,Average,6,2,7958,38.0,2,4,11,1.3,2,173.0,6,4,193,90,100,39,23,27,20,4,73,36,24,58,2380,5841,0.36,2021,2025-12-17,28.8,Live,Art,Public,1,Premium,1.09
13,Male,India,Urban,Lower-middle,Not employed,High school,Single,No,7.5,7.6,Excellent,26,3,7976,0.0,1,4,16,2.3,5,288.0,33,17,300,150,174,56,44,43,23,3,145,76,54,102,957,1118,0.32,2026,2025-01-15,8.7,Live,Food,Private,3,Free,1.17
61,Female,Other,Rural,Upper-middle,Student,High school,Divorced,Yes,3.9,6.6,Average,0,10,8048,21.8,1,3,7,6.7,3,5.0,1,5,47,27,21,7,8,5,4,0,3,1,1,2,1195,1120,0.91,2024,2025-08-03,5.0,Videos,Fitness,Friends only,1,Free,8.33
51,Female,India,Urban,Lower-middle,Full-time employed,High school,Single,No,4.7,8.9,Average,32,3,8087,50.9,2,6,8,3.3,2,336.0,21,6,261,150,188,55,37,43,34,11,183,40,54,77,4846,10000,0.2,2023,2025-05-04,16.0,Photos,Other,Private,1,Premium,0.94
54,Male,Germany,Rural,Upper-middle,Full-time employed,Bachelor’s,Married,Yes,7.0,6.3,Average,19,1,7960,51.8,2,4,10,5.3,3,224.0,11,6,186,135,136,39,33,31,29,11,93,30,42,66,706,1514,0.49,2010,2025-03-29,20.4,Videos,Art,Public,2,Free,1.03
55,Male,Australia,Suburban,Lower-middle,Freelancer,High school,Single,Yes,16.4,6.1,Poor,3,2,8091,57.6,4,2,10,4.1,1,67.0,5,3,80,66,65,12,20,10,12,4,32,19,14,16,222,372,0.65,2013,2025-09-21,13.4,Photos,Music,Private,1,Free,1.44
32,Male,United States,Urban,Lower-middle,Full-time employed,Some college,Relationship,No,8.2,6.5,Average,1,10,7949,48.6,1,4,6,6.3,1,5.0,1,3,36,34,18,10,7,10,7,4,3,1,1,1,5394,8119,0.62,2014,2025-03-04,5.0,Live,Travel,Private,2,Free,7.83
21,Female,Germany,Suburban,Middle,Full-time employed,Bachelor’s,Married,Yes,3.9,8.5,Average,2,4,8052,48.3,3,3,8,1.1,2,43.0,2,9,123,46,54,7,19,18,9,1,20,10,8,10,5021,10000,0.02,2018,2025-04-23,21.5,Mixed,Art,Public,1,Free,2.16
61,Female,Brazil,Urban,Upper-middle,Full-time employed,Some college,Married,No,7.3,5.4,Poor,23,7,8013,21.9,2,5,8,2.3,2,109.0,4,1,106,65,74,27,14,17,18,3,54,12,27,26,1891,2766,0.81,2014,2025-01-05,27.2,Stories,Art,Friends only,4,Free,1.19
48,Female,South Korea,Urban,Lower-middle,Freelancer,Some college,Married,No,10.0,6.5,Average,22,1,7983,40.4,3,2,8,2.6,2,271.0,19,9,186,143,170,52,41,48,24,8,137,48,37,67,1046,2057,0.03,2025,2025-04-30,14.3,Live,Music,Public,2,Business,1.11
31,Male,United States,Urban,Middle,Full-time employed,High school,Relationship,No,7.5,8.0,Very poor,27,3,7987,50.5,3,6,7,8.0,2,317.0,12,8,232,135,173,50,39,42,37,11,132,55,74,98,1501,2235,0.28,2023,2025-04-19,26.4,Photos,Other,Private,2,Premium,0.93
13,Male,United States,Suburban,Middle,Not employed,High school,Relationship,No,5.5,5.9,Very poor,21,2,7957,0.0,2,7,10,4.8,5,276.0,9,12,287,138,165,48,43,37,32,4,152,61,66,74,1451,2710,0.02,2026,2025-07-27,30.7,Mixed,Other,Private,0,Free,1.07
24,Female,Other,Urban,Low,Full-time employed,High school,Relationship,Yes,3.9,6.1,Good,2,5,8011,18.7,1,6,10,2.9,2,54.0,3,17,162,47,51,13,14,16,11,2,28,14,9,21,3306,3858,0.89,2018,2025-10-25,18.0,Videos,Fitness,Friends only,4,Free,2.33
35,Female,India,Urban,Middle,Part-time,High school,Married,No,5.3,7.5,Average,13,6,8281,30.4,6,3,17,5.5,5,172.0,11,2,142,84,117,25,22,35,24,7,83,28,31,53,725,501,0.38,2024,2025-03-12,15.6,Photos,Food,Private,0,Free,1.0
32,Female,Australia,Suburban,Middle,Unemployed,High school,Relationship,No,6.3,7.2,Poor,7,3,8109,47.5,3,5,10,1.5,7,147.0,6,7,116,88,94,34,25,27,24,4,66,20,29,57,145,354,0.12,2023,2025-04-15,24.5,Photos,Fitness,Public,2,Free,1.24
40,Female,Canada,Suburban,Low,Full-time employed,Bachelor’s,Relationship,No,8.9,6.6,Average,21,8,7760,43.8,3,2,7,5.0,3,187.0,6,3,141,100,113,35,36,32,22,2,84,30,31,67,1501,1240,0.87,2025,2025-04-03,31.2,Photos,Food,Friends only,1,Free,1.02
37,Male,Canada,Rural,Lower-middle,Full-time employed,Bachelor’s,Single,No,11.7,7.2,Poor,1,6,7989,47.7,3,4,6,2.3,2,18.0,1,4,54,39,28,5,9,6,2,0,10,3,3,6,769,1084,0.51,2021,2025-06-19,18.0,Reels,Fitness,Private,2,Free,2.63
36,Male,Brazil,Suburban,Low,Retired,Bachelor’s,Single,Yes,1.9,8.0,Average,35,2,7996,52.1,5,3,8,6.4,3,391.0,14,4,247,150,214,70,50,52,43,12,193,55,58,152,762,909,0.11,2022,2025-04-18,27.9,Mixed,Fashion,Private,2,Free,0.93
64,Male,Other,Urban,Upper-middle,Freelancer,Bachelor’s,Divorced,No,6.7,6.9,Poor,26,1,7924,36.1,5,3,11,0.6,4,199.0,7,7,149,110,142,33,27,26,13,9,81,52,26,66,266,505,0.53,2022,2025-02-14,28.4,Reels,Travel,Private,1,Free,1.14
54,Non-binary,Canada,Suburban,Low,Unemployed,Bachelor’s,Single,Yes,11.4,7.4,Excellent,21,10,7989,38.4,2,3,9,6.6,1,83.0,3,4,70,67,64,19,23,20,12,3,45,11,19,18,530,1111,0.63,2021,2025-02-20,27.7,Stories,Travel,Private,1,Free,1.36
22,Male,United States,Suburban,Upper-middle,Full-time employed,High school,Married,Yes,3.0,6.6,Excellent,6,7,7991,34.8,2,3,11,2.7,3,105.0,13,9,197,59,89,23,30,18,11,2,60,20,23,23,2235,4276,0.49,2018,2025-01-27,8.1,Reels,Other,Friends only,4,Free,1.53
24,Male,United States,Suburban,Middle,Freelancer,Some college,Married,No,11.8,7.0,Very poor,26,5,8152,34.6,2,5,17,1.3,6,227.0,8,14,274,104,129,45,40,37,24,5,110,39,42,91,1189,2133,0.07,2015,2025-12-05,28.4,Videos,Fashion,Public,1,Free,1.14
23,Female,India,Urban,Low,Part-time,Bachelor’s,Relationship,No,4.7,7.1,Good,37,2,8065,48.3,2,2,7,5.8,2,409.0,24,13,300,150,239,70,45,64,42,5,201,119,77,84,277,670,0.39,2022,2025-11-26,17.0,Mixed,Tech,Private,2,Free,1.02
43,Male,India,Urban,Middle,Part-time,Some college,Relationship,No,8.3,8.0,Excellent,3,10,8024,39.9,2,2,8,7.6,6,5.0,1,1,34,37,30,10,9,10,7,2,3,1,1,1,459,585,0.72,2023,2025-03-06,5.0,Videos,Music,Friends only,0,Free,8.83
56,Female,India,Urban,Upper-middle,Full-time employed,Other,Relationship,No,2.1,7.5,Average,5,8,7979,44.5,2,6,6,3.7,2,58.0,2,2,71,50,72,16,26,14,9,2,27,9,14,17,601,248,0.3,2010,2025-12-16,29.0,Reels,Fitness,Public,4,Free,1.86
64,Female,United Kingdom,Urban,Middle,Full-time employed,High school,Single,No,6.1,6.6,Poor,0,10,8025,35.9,5,3,7,3.0,5,5.0,1,3,48,27,22,3,9,12,1,0,3,1,1,2,1990,837,0.47,2024,2025-12-14,5.0,Reels,Tech,Private,0,Free,6.17
30,Male,India,Urban,Middle,Unemployed,High school,Single,No,6.5,7.2,Good,9,9,8131,55.4,4,2,9,3.1,0,148.0,4,3,131,95,89,33,26,23,21,7,75,44,24,47,789,696,0.33,2021,2025-06-19,37.0,Live,Fitness,Private,1,Free,1.1
19,Male,India,Urban,Upper-middle,Full-time employed,Bachelor’s,Married,Yes,4.8,5.0,Poor,4,2,8114,42.2,3,5,17,2.6,3,180.0,18,6,220,112,121,24,29,37,14,1,106,35,23,43,1239,1361,0.83,2020,2025-08-27,10.0,Photos,Fitness,Friends only,2,Free,1.03
54,Male,United States,Urban,Lower-middle,Freelancer,High school,Relationship,No,10.2,9.0,Average,2,6,8119,33.4,3,2,4,1.2,5,27.0,2,1,69,44,39,12,11,10,10,1,13,4,5,8,375,612,0.56,2013,2025-06-01,13.5,Live,Other,Friends only,2,Premium,2.36
